"product_link","image_url","product_title"
"https://www.outdoorhire.co.uk/product/5-season-down-sleeping-bag/","https://usercontent.one/wp/www.outdoorhire.co.uk/wp-content/uploads/2020/09/5SeasonDownSleepingBag-300x300.jpg?media=1719394803","5 Season Down Sleeping Bag"
"https://www.outdoorhire.co.uk/product/4-season-plus-down-sleeping-bag/","https://usercontent.one/wp/www.outdoorhire.co.uk/wp-content/uploads/2020/09/4-seasons-plus-down-sleeping-bag-300x300.jpg?media=1719394803","4 Season Plus Down Sleeping Bag"
"https://www.outdoorhire.co.uk/product/four-season-sleeping-bag/","https://usercontent.one/wp/www.outdoorhire.co.uk/wp-content/uploads/2021/02/4-season-sleeping-bag-1-300x300.jpg?media=1719394803","4 Season Sleeping Bag"
"https://www.outdoorhire.co.uk/product/3-season-sleeping-bag/","https://usercontent.one/wp/www.outdoorhire.co.uk/wp-content/uploads/2020/10/3-season-sleeping-bag-2-300x300.jpg?media=1719394803","3 Season Sleeping Bag"
"https://www.outdoorhire.co.uk/product/summer-sleeping-bag/","https://usercontent.one/wp/www.outdoorhire.co.uk/wp-content/uploads/2020/10/summer-sleeping-bag-300x300.jpg?media=1719394803","Summer Sleeping Bag"
"https://www.outdoorhire.co.uk/product/travelpak-lite-sleeping-bag/","https://usercontent.one/wp/www.outdoorhire.co.uk/wp-content/uploads/2020/08/snugpak-travelpak-lite-1-300x300.jpg?media=1719394803","Travelpak Lite Sleeping Bag"
"https://www.outdoorhire.co.uk/product/silk-sleeping-bag-liner/","https://usercontent.one/wp/www.outdoorhire.co.uk/wp-content/uploads/2020/10/Silk-sleeping-bag-liner-300x300.jpg?media=1719394803","Silk Sleeping Bag Liner"
"https://www.outdoorhire.co.uk/product/fleece-sleeping-bag-liner/","https://usercontent.one/wp/www.outdoorhire.co.uk/wp-content/uploads/2020/10/sleeping-bag-fleece-liner-300x300.jpg?media=1719394803","Fleece Sleeping Bag Liner"
"https://www.outdoorhire.co.uk/product/mosquito-net/","https://usercontent.one/wp/www.outdoorhire.co.uk/wp-content/uploads/2020/08/mosquito-net-lifesystems-solonet-1-300x300.jpg?media=1719394803","Mosquito Net"
"https://www.outdoorhire.co.uk/product/exped-synmat-7-pump-mattress/","https://usercontent.one/wp/www.outdoorhire.co.uk/wp-content/uploads/2020/08/exped-syn7-mattress-1-300x300.jpg?media=1719394803","Exped SynMat 7 Pump Mattress"
"https://www.outdoorhire.co.uk/product/thermarest-trekker-mattress/","https://usercontent.one/wp/www.outdoorhire.co.uk/wp-content/uploads/2020/09/thermarest-neo-air-300x300.jpg?media=1719394803","Thermarest Mattress"
"https://www.outdoorhire.co.uk/product/exped-airmat-basic-mattress/","https://usercontent.one/wp/www.outdoorhire.co.uk/wp-content/uploads/2020/10/exped-airmatt-basic-1-300x300.jpg?media=1719394803","Exped AirMat Basic Mattress"
"https://www.outdoorhire.co.uk/product/exped-comfort-camping-pillow/","https://usercontent.one/wp/www.outdoorhire.co.uk/wp-content/uploads/2020/08/exped-comfort-pillow-1-300x300.jpg?media=1719394803","Exped Comfort Camping Pillow"
"https://www.outdoorhire.co.uk/product/90-litre-duffel-bag/","https://usercontent.one/wp/www.outdoorhire.co.uk/wp-content/uploads/2020/09/montane-duffel-100-300x300.jpg?media=1719394803","90 Litre Duffel Bag"
"https://www.outdoorhire.co.uk/product/30-35-litre-daypack/","https://usercontent.one/wp/www.outdoorhire.co.uk/wp-content/uploads/2020/08/Deuter32FuturaBackpack-300x300.jpg?media=1719394803","30 – 35 Litre Daypack"
"https://www.outdoorhire.co.uk/product/mission-50-55l-climbing-backpack/","https://usercontent.one/wp/www.outdoorhire.co.uk/wp-content/uploads/2020/10/black-diamond-mission-50-litre-climbing-pack-300x300.jpg?media=1719394803","Mission 50-55L Climbing Backpack"
"https://www.outdoorhire.co.uk/product/vango-sherpa-rucksack/","https://usercontent.one/wp/www.outdoorhire.co.uk/wp-content/uploads/2020/10/vango-sherpa-65l-rucksack-300x300.jpg?media=1719394803","Vango Sherpa 65L Rucksack"
"https://www.outdoorhire.co.uk/product/child-carrier-backpack/","https://usercontent.one/wp/www.outdoorhire.co.uk/wp-content/uploads/2020/10/deuter_kid_comfort_active_child_carrier-300x300.jpg?media=1719394803","Child Carrier Backpack"
"https://www.outdoorhire.co.uk/product/exped-20l-dry-bag/","https://usercontent.one/wp/www.outdoorhire.co.uk/wp-content/uploads/2020/10/rucksack-liner-exped-dry-bag-300x300.jpg?media=1719394803","Exped 20L Dry Bag"
"https://www.outdoorhire.co.uk/product/sealine-blocker-dry-compression-sack-30l/","https://usercontent.one/wp/www.outdoorhire.co.uk/wp-content/uploads/2022/12/sealline-blocker-compression-dry-30l-300x300.jpg?media=1719394803","Sealine Blocker DRY Compression Sack 30l"
"https://www.outdoorhire.co.uk/product/exped-dry-bags-4-pack/","https://usercontent.one/wp/www.outdoorhire.co.uk/wp-content/uploads/2020/10/exped-dry-bags-4-pack-traditional-300x300.jpg?media=1719394803","Exped Dry Bags – 4 Pack"
"https://www.outdoorhire.co.uk/product/cold-weather-down-jacket-mens/","https://usercontent.one/wp/www.outdoorhire.co.uk/wp-content/uploads/2020/09/mountain-equipment-mens-annapurna-jacket-300x300.jpg?media=1719394803","Cold Weather Down Jacket – Men"
"https://www.outdoorhire.co.uk/product/cold-weather-down-jacket-women/","https://usercontent.one/wp/www.outdoorhire.co.uk/wp-content/uploads/2020/09/mountain-equipment-down-jacket-womens-cho-oyo-300x300.jpg?media=1719394803","Cold Weather Down Jacket – Women"
"https://www.outdoorhire.co.uk/product/insulated-cold-weather-jacket-unisex/","https://usercontent.one/wp/www.outdoorhire.co.uk/wp-content/uploads/2020/09/snugpak-sasquatch-jacket-300x300.jpg?media=1719394803","Insulated Cold Weather Jacket – Unisex"
"https://www.outdoorhire.co.uk/product/insulated-mid-layer-jacket-men/","https://usercontent.one/wp/www.outdoorhire.co.uk/wp-content/uploads/2020/09/montane-prism-jacket-300x300.jpg?media=1719394803","Insulated Mid-layer Jacket – Men"
"https://www.outdoorhire.co.uk/product/insulated-mid-layer-jacket-women/","https://usercontent.one/wp/www.outdoorhire.co.uk/wp-content/uploads/2020/11/Womensmidlayer-300x300.jpg?media=1719394803","Insulated Mid-layer Jacket – Women"
"https://www.outdoorhire.co.uk/product/fleece-jacket-men/","https://usercontent.one/wp/www.outdoorhire.co.uk/wp-content/uploads/2020/09/mens-fleece-jacket-01-300x300.jpg?media=1719394803","Fleece Jacket – Men"
"https://www.outdoorhire.co.uk/product/fleece-jacket-women/","https://usercontent.one/wp/www.outdoorhire.co.uk/wp-content/uploads/2020/09/womens-fleece-jacket-300x300.jpg?media=1719394803","Fleece Jacket – Women"
"https://www.outdoorhire.co.uk/product/waterproof-shell-jacket-men/","https://usercontent.one/wp/www.outdoorhire.co.uk/wp-content/uploads/2020/07/montane-venture-jacket-mens-1-300x300.jpg?media=1719394803","Waterproof Shell Jacket – Men"
"https://www.outdoorhire.co.uk/product/waterproof-shell-jacket-women/","https://usercontent.one/wp/www.outdoorhire.co.uk/wp-content/uploads/2020/11/WomensShellJacket-300x300.jpg?media=1719394803","Waterproof Shell Jacket – Women"
"https://www.outdoorhire.co.uk/product/base-layer-t-shirt-men/","https://usercontent.one/wp/www.outdoorhire.co.uk/wp-content/uploads/2020/09/base-layer-tee-green-300x300.jpg?media=1719394803","Base Layer T-Shirt – Men"
"https://www.outdoorhire.co.uk/product/base-layer-t-shirt-women/","https://usercontent.one/wp/www.outdoorhire.co.uk/wp-content/uploads/2020/09/base-layer-tee-pink-300x300.jpg?media=1719394803","Base Layer T-Shirt- Women"